a name,year_birth,age,log_age,bm_before,bm_after,hibdur days,hibstart,hibend,hibendyearbefore,bmspring,year,sex,diet,age death,repro_active
1,2002,2,0.301,261,167,237,20.08.04,14.04.05,,,2004,m,medium,11,yes
1,2002,4,0.6021,265,227,335,23.05.06,23.04.07,10.05.06,215,2006,m,medium,11,no
1,2002,5,0.699,315,182,264,26.07.07,15.04.08,23.04.07,227,2007,m,high fat,11,yes
1,2002,6,0.7782,318,173,357,07.05.08,29.04.09,15.04.08,182,2008,m,medium,11,no
1,2002,7,0.8451,264,189,335,27.05.09,27.04.10,29.04.09,173,2009,m,protein,11,no
1,2002,8,0.9031,190,135,181,21.09.10,21.03.11,27.04.10,189,2010,m,high fat,11,yes
1,2002,9,0.9542,300,208,146,09.11.11,03.04.12,21.03.11,135,2011,m,high fat,11,yes
1,2002,10,1,227,155,260,31.07.12,17.04.13,03.04.12,208,2012,m,medium,11,yes
2,2003,1,0,224,120,178,24.09.04,21.03.05,,,2004,m,medium,4,yes
2,2003,2,0.301,259,160,265,24.08.05,16.05.06,21.03.05,120,2005,m,medium,4,no
2,2003,3,0.4771,238,174,225,10.10.06,23.05.07,16.05.06,160,2006,m,medium,4,no
3,2003,1,0,184,104,320,16.07.04,01.06.05,,,2004,m,medium,9,yes
3,2003,2,0.301,181,120,243,24.08.05,24.04.06,01.06.05,104,2005,m,medium,9,yes
3,2003,3,0.4771,241,139,225,06.09.06,19.04.07,24.04.06,120,2006,m,medium,9,yes
3,2003,4,0.6021,222,108,271,19.07.07,15.04.08,19.04.07,139,2007,m,high fat,9,yes
3,2003,5,0.699,229,149,357,07.05.08,29.04.09,15.04.08,108,2008,m,medium,9,no
3,2003,6,0.7782,147,120,202,07.10.09,27.04.10,29.04.09,149,2009,m,protein,9,no
3,2003,7,0.8451,195,126,252,25.08.10,04.05.11,27.04.10,120,2010,m,high fat,9,yes
3,2003,8,0.9031,191,124,286,13.07.11,24.04.12,04.05.11,126,2011,m,protein,9,yes
4,2003,1,0,191,126,278,27.08.04,01.06.05,,,2004,m,medium,4,yes
4,2003,2,0.301,201,155,244,14.09.05,16.05.06,01.06.05,126,2005,m,medium,4,no
4,2003,3,0.4771,228,173,239,12.09.06,09.05.07,16.05.06,155,2006,m,medium,4,yes
5,2003,1,0,206,177,263,27.08.04,17.05.05,,,2004,m,medium,7,yes
5,2003,2,0.301,174,126,243,24.08.05,24.04.06,17.05.05,177,2005,m,medium,7,yes
5,2003,3,0.4771,267,226,239,19.09.06,16.05.07,24.04.06,126,2006,m,medium,7,yes
5,2003,4,0.6021,286,181,306,26.07.07,27.05.08,16.05.07,226,2007,m,high fat,7,yes
5,2003,5,0.699,241,165,303,30.06.08,29.04.09,27.05.08,181,2008,m,medium,7,yes
6,2003,1,0,157,98,209,17.09.04,14.04.05,,,2004,m,medium,2,yes
7,2003,1,0,205,142,258,17.09.04,02.06.05,,,2004,m,medium,3,yes
7,2003,2,0.301,195,114,251,24.08.05,02.05.06,02.06.05,142,2005,m,medium,3,no
8,2003,1,0,226,184,241,24.09.04,23.05.05,,,2004,m,medium,5,yes
8,2003,2,0.301,234,165,222,07.09.05,17.04.06,23.05.05,184,2005,m,medium,5,yes
8,2003,3,0.4771,281,193,209,26.09.06,23.04.07,17.04.06,165,2006,m,medium,5,yes
8,2003,4,0.6021,233,143,194,04.10.07,15.04.08,23.04.07,193,2007,m,medium,5,yes
9,2003,1,0,201,130,278,27.08.04,01.06.05,,,2004,m,medium,9,yes
9,2003,2,0.301,203,154,245,17.08.05,19.04.06,01.06.05,130,2005,m,medium,9,yes
9,2003,3,0.4771,236,179,275,29.08.06,31.05.07,19.04.06,154,2006,m,medium,9,yes
9,2003,4,0.6021,189,142,241,31.08.07,28.04.08,31.05.07,179,2007,m,high fat,9,yes
9,2003,5,0.699,207,158,324,09.06.08,29.04.09,28.04.08,142,2008,m,medium,9,no
9,2003,7,0.8451,215,164,246,14.09.10,18.05.11,13.04.09,158,2010,m,high fat,9,yes
9,2003,8,0.9031,217,148,240,13.07.11,09.03.12,18.05.11,164,2011,m,protein,9,yes
10,2003,2,0.301,165,134,286,24.08.05,06.06.06,23.05.05,112,2005,m,medium,4,no
11,2004,2,0.301,221,163,198,03.10.06,19.04.07,30.05.06,163,2006,m,medium,4,yes
12,2004,1,0,211,145,265,24.08.05,16.05.06,01.06.05,131,2005,m,medium,4,no
12,2004,2,0.301,251,191,211,10.10.06,09.05.07,16.05.06,145,2006,m,medium,4,yes
12,2004,3,0.4771,195,168,222,06.09.07,15.04.08,09.05.07,191,2007,m,high fat,4,yes
13,2004,2,0.301,181,109,317,23.05.06,05.04.07,23.05.06,181,2006,m,medium,4,no
13,2004,3,0.4771,216,158,223,10.10.07,20.05.08,05.04.07,109,2007,m,medium,4,no
14,2004,2,0.301,196,146,279,07.09.05,13.06.06,30.05.05,88,2005,m,medium,6,no
14,2004,3,0.4771,247,185,209,26.09.06,23.04.07,13.06.06,146,2006,m,medium,6,yes
14,2004,5,0.699,196,98,278,27.05.09,01.03.10,29.04.09,185,2009,m,protein,6,no
15,2004,3,0.4771,230,145,222,06.09.07,15.04.08,24.05.07,179,2007,m,medium,6,yes
15,2004,4,0.6021,252,191,344,27.05.08,06.05.09,15.04.08,145,2008,m,medium,6,no
15,2004,5,0.699,247,161,173,09.09.09,01.03.10,06.05.09,191,2009,m,high fat,6,yes
16,2004,1,0,206,167,293,24.08.05,13.06.06,06.05.05,112,2005,m,medium,4,no
16,2004,3,0.4771,250,156,245,27.08.07,28.04.08,09.05.07,213,2007,m,high fat,4,no
17,2004,4,0.6021,230,156,310,30.06.08,06.05.09,07.05.08,167,2008,m,medium,12,yes
17,2004,5,0.699,224,122,342,20.05.09,27.04.10,06.05.09,156,2009,m,protein,12,no
17,2004,6,0.7782,224,150,253,31.08.10,11.05.11,27.04.10,122,2010,m,high fat,12,yes
17,2004,7,0.8451,245,172,215,27.10.11,29.05.12,11.05.11,150,2011,m,medium,12,yes
17,2004,8,0.9031,243,159,266,14.08.12,07.05.13,29.05.12,172,2012,m,medium,12,yes
17,2004,9,0.9542,200,147,204,28.07.13,17.03.14,07.05.13,159,2013,m,medium,12,yes
17,2004,10,1,191,141,195,24.09.14,07.04.15,17.03.14,147,2014,m,high fat,12,yes
18,2005,2,0.301,238,202,237,19.09.07,13.05.08,23.04.07,211,2007,m,medium,7,no
18,2005,4,0.6021,241,145,342,13.05.09,20.04.10,29.04.09,193,2009,m,protein,7,no
18,2005,6,0.7782,244,180,307,13.07.11,15.05.12,04.05.11,173,2011,m,medium,7,no
19,2005,1,0,239,188,248,03.10.06,08.06.07,20.06.06,123,2006,m,medium,7,no
19,2005,2,0.301,271,149,271,19.07.07,15.04.08,08.06.07,188,2007,m,high fat,7,yes
19,2005,3,0.4771,234,183,275,18.08.08,20.05.09,15.04.08,149,2008,m,medium,7,no
19,2005,4,0.6021,231,149,328,03.06.09,27.04.10,20.05.09,183,2009,m,protein,7,no
19,2005,5,0.699,203,148,218,12.10.10,18.05.11,27.04.10,149,2010,m,high fat,7,yes
19,2005,6,0.7782,232,155,307,13.07.11,15.05.12,18.05.11,148,2011,m,medium,7,yes
20,2005,1,0,291,255,262,19.09.06,08.06.07,23.05.06,145,2006,m,medium,3,no
20,2005,2,0.301,226,161,222,06.09.07,15.04.08,08.06.07,255,2007,m,high fat,3,no
21,2006,2,0.301,216,134,316,24.06.08,06.05.09,05.06.08,185,2008,m,medium,4,no
21,2006,3,0.4771,159,100,196,23.09.09,07.04.10,06.05.09,134,2009,m,protein,4,no
22,2006,1,0,220,178,285,13.09.07,24.06.08,09.05.07,115,2007,m,high fat,6,yes
22,2006,3,0.4771,175,94,329,13.05.09,07.04.10,29.04.09,155,2009,m,protein,6,no
22,2006,4,0.6021,197,146,239,21.09.10,18.05.11,07.04.10,94,2010,m,high fat,6,yes
22,2006,5,0.699,217,150,286,27.07.11,08.05.12,18.05.11,146,2011,m,medium,6,yes
23,2006,1,0,228,169,292,06.09.07,24.06.08,08.06.07,88,2007,m,high fat,5,no
23,2006,2,0.301,175,114,317,30.06.08,13.05.09,24.06.08,169,2008,m,medium,5,no
23,2006,3,0.4771,150,95,237,30.09.09,25.05.10,13.05.09,114,2009,m,medium,5,no
23,2006,4,0.6021,200,118,260,31.08.10,18.05.11,25.05.10,95,2010,m,high fat,5,yes
24,2006,1,0,225,149,230,26.09.07,13.05.08,09.05.07,88,2007,m,medium,9,yes
24,2006,2,0.301,224,139,303,14.07.08,13.05.09,13.05.08,149,2008,m,medium,9,no
24,2006,3,0.4771,184,121,328,03.06.09,27.04.10,13.05.09,139,2009,m,protein,9,no
24,2006,4,0.6021,219,154,211,12.10.10,11.05.11,27.04.10,121,2010,m,high fat,9,yes
24,2006,5,0.699,242,139,266,23.08.11,15.05.12,11.05.11,154,2011,m,medium,9,yes
24,2006,6,0.7782,188,156,246,11.09.12,15.05.13,15.05.12,139,2012,m,medium,9,yes
24,2006,7,0.8451,210,160,245,25.09.13,28.05.14,15.05.13,156,2013,m,medium,9,yes
24,2006,8,0.9031,206,134,194,08.10.14,20.04.15,28.04.14,160,2014,m,high fat,9,yes
25,2006,1,0,201,164,257,06.09.07,20.05.08,08.06.07,129,2007,m,medium,3,no
25,2006,2,0.301,214,132,309,24.06.08,29.04.09,20.05.08,164,2008,m,medium,3,no
26,2006,2,0.301,188,142,293,10.07.08,29.04.09,20.05.08,152,2008,m,medium,7,no
26,2006,3,0.4771,196,109,307,01.07.09,04.05.10,29.04.09,142,2009,m,high fat,7,no
26,2006,4,0.6021,195,144,232,28.09.10,18.05.11,04.05.10,109,2010,m,high fat,7,yes
26,2006,5,0.699,239,159,202,02.11.11,22.05.12,18.05.11,144,2011,m,high fat,7,yes
26,2006,6,0.7782,187,154,225,09.10.12,22.05.13,22.05.12,159,2012,m,medium,7,yes
27,2007,1,0,226,149,271,29.08.08,27.05.09,09.06.08,112,2008,m,medium,9,no
27,2007,2,0.301,186,131,328,08.07.09,01.06.10,27.05.09,149,2009,m,protein,9,no
27,2007,3,0.4771,219,183,278,25.08.10,08.06.11,01.06.10,131,2010,m,high fat,9,yes
27,2007,4,0.6021,270,179,307,13.07.11,15.05.12,08.06.11,183,2011,m,medium,9,yes
27,2007,5,0.699,248,156,316,10.07.12,22.05.13,15.05.12,179,2012,m,medium,9,no
27,2007,6,0.7782,208,146,259,28.08.13,14.05.14,22.05.13,156,2013,m,medium,9,yes
27,2007,7,0.8451,228,150,294,23.07.14,13.05.15,14.05.14,146,2014,m,medium,9,yes
28,2007,1,0,208,121,240,22.09.08,20.05.09,05.06.08,99,2008,m,high fat,6,no
28,2007,2,0.301,159,104,264,01.07.09,22.03.10,20.05.09,121,2009,m,protein,6,no
28,2007,3,0.4771,215,143,138,03.11.10,21.03.11,22.03.10,104,2010,m,high fat,6,yes
28,2007,5,0.699,265,179,225,02.10.12,15.05.13,22.03.12,206,2012,m,medium,6,yes
28,2007,6,0.7782,222,158,231,18.09.13,07.05.14,15.05.13,179,2013,m,medium,6,yes
29,2007,1,0,236,134,239,30.09.08,27.05.09,20.05.08,99,2008,m,high fat,5,no
29,2007,2,0.301,261,168,265,26.08.09,18.05.10,27.05.09,134,2009,m,high fat,5,yes
29,2007,3,0.4771,233,167,138,03.11.10,21.03.11,18.05.10,168,2010,m,high fat,5,yes
29,2007,4,0.6021,256,160,195,09.11.11,22.05.12,21.03.11,167,2011,m,high fat,5,yes
30,2007,1,0,194,125,261,08.09.08,27.05.09,23.04.08,88,2008,m,medium,5,no
30,2007,2,0.301,231,131,195,21.10.09,04.05.10,27.05.09,125,2009,m,high fat,5,no
30,2007,3,0.4771,208,140,239,12.10.10,08.06.11,04.05.10,131,2010,m,high fat,5,yes
30,2007,4,0.6021,166,113,216,12.10.11,15.05.12,08.06.11,140,2011,m,high fat,5,yes
31,2007,1,0,187,116,303,30.06.08,29.04.09,15.04.08,75,2008,m,medium,7,no
31,2007,2,0.301,148,97,130,28.10.09,07.03.10,29.04.09,116,2009,m,protein,7,no
31,2007,3,0.4771,222,129,189,28.09.10,05.04.11,07.03.10,97,2010,m,high fat,7,yes
31,2007,4,0.6021,216,187,139,09.11.11,27.03.12,05.04.11,129,2011,m,high fat,7,yes
31,2007,5,0.699,241,167,239,28.08.12,24.04.13,27.03.12,187,2012,m,medium,7,yes
31,2007,6,0.7782,194,137,217,25.09.13,30.04.14,24.04.13,167,2013,m,medium,7,yes
32,2010,1,0,232,182,251,05.10.11,12.06.12,08.06.11,99,2011,m,high fat,5,no
32,2010,2,0.301,223,166,323,26.06.12,15.05.13,12.06.12,182,2012,m,medium,5,no
32,2010,3,0.4771,186,120,322,12.07.13,30.04.14,15.05.13,166,2013,m,medium,5,no
32,2010,4,0.6021,186,129,301,16.07.14,13.05.15,30.04.14,120,2014,m,medium,5,yes
33,2010,1,0,210,134,265,28.09.11,19.06.12,15.06.11,82,2011,m,high fat,2,no
34,2010,1,0,233,151,251,12.10.11,19.06.12,11.05.11,111,2011,m,high fat,5,no
34,2010,2,0.301,213,142,280,31.07.12,07.05.13,19.06.12,151,2012,m,medium,5,no
34,2010,3,0.4771,216,130,273,11.09.13,11.06.14,07.05.13,142,2013,m,medium,5,yes
34,2010,4,0.6021,254,153,231,24.09.14,13.05.15,11.06.14,130,2014,m,high fat,5,yes
35,2010,1,0,202,150,251,05.10.11,12.06.12,08.06.11,104,2011,m,high fat,3,no
35,2010,2,0.301,194,138,300,17.07.12,07.05.13,12.06.12,150,2012,m,medium,3,no
36,2010,1,0,174,112,265,05.10.11,26.06.12,08.06.11,92,2011,m,high fat,,no
36,2010,2,0.301,176,117,264,28.08.12,19.05.13,26.06.12,112,2012,m,medium,,no
36,2010,4,0.6021,202,147,238,03.09.14,29.04.15,28.05.14,135,2014,m,high fat,,yes
37,2011,1,0,221,154,281,11.09.12,19.06.13,12.06.12,96,2012,m,medium,,no
37,2011,2,0.301,180,138,273,21.08.13,21.05.14,19.06.13,154,2013,m,medium,,yes
37,2011,3,0.4771,195,166,287,30.07.14,13.05.15,21.05.14,138,2014,m,medium,,yes
38,2011,1,0,211,147,274,11.09.12,12.06.13,12.07.12,107,2012,m,medium,,no
38,2011,2,0.301,208,130,273,28.08.13,28.05.14,12.06.13,147,2013,m,medium,,yes
38,2011,3,0.4771,204,133,273,13.07.14,13.05.15,28.05.14,130,2014,m,medium,,yes
39,2011,1,0,197,128,211,18.09.12,17.04.13,12.06.12,119,2012,m,medium,5,no
39,2011,2,0.301,213,155,266,04.09.13,28.05.14,17.04.13,128,2013,m,medium,5,yes
39,2011,3,0.4771,212,156,266,03.09.14,27.05.15,28.05.14,155,2014,m,medium,5,yes
40,2011,1,0,193,117,259,21.07.12,07.05.13,05.06.12,98,2012,m,medium,,no
40,2011,2,0.301,190,131,259,28.08.13,14.05.14,07.05.13,117,2013,m,medium,,yes
40,2011,3,0.4771,189,145,294,23.07.14,13.05.15,14.05.14,131,2014,m,medium,,yes
41,2011,1,0,209,131,238,04.09.12,30.04.13,05.06.12,138,2012,m,medium,,no
41,2011,2,0.301,242,176,266,21.08.13,14.05.14,30.04.13,131,2013,m,medium,,yes
41,2011,3,0.4771,253,161,294,23.07.14,13.05.15,14.05.14,176,2014,m,medium,,yes
42,2011,1,0,236,156,280,31.07.12,07.05.13,12.06.12,130,2012,m,medium,,no
42,2011,2,0.301,241,175,259,04.09.13,21.05.14,07.05.13,156,2013,m,medium,,yes
42,2011,3,0.4771,254,173,280,06.08.14,13.05.15,21.05.14,175,2014,m,medium,,yes
43,2011,1,0,167,104,238,04.09.12,30.04.13,19.06.12,96,2012,m,medium,3,no
43,2011,2,0.301,193,120,259,11.09.13,28.05.14,30.04.13,104,2013,m,medium,3,yes
44,2011,1,0,162,114,253,02.10.12,12.06.13,19.03.12,113,2012,m,medium,2,no
45,2011,1,0,197,141,274,28.08.12,29.05.13,05.06.12,109,2012,m,medium,,no
45,2011,2,0.301,213,168,273,28.08.13,28.05.14,29.05.13,141,2013,m,medium,,yes
45,2011,3,0.4771,215,149,273,06.08.14,06.05.15,28.05.14,168,2014,m,high fat,,yes
46,2002,2,0.301,178,114,262,20.08.04,09.05.05,,,2004,f,medium,6,no
46,2002,3,0.4771,180,140,265,24.08.05,16.05.06,09.05.05,114,2005,f,medium,6,yes
46,2002,4,0.6021,214,183,262,19.09.06,08.06.07,16.05.06,140,2006,f,medium,6,no
46,2002,5,0.699,201,145,216,10.10.07,13.05.08,08.06.07,183,2007,f,high fat,6,no
47,2002,2,0.301,181,98,290,06.08.04,23.05.05,,,2004,f,medium,6,no
47,2002,3,0.4771,193,161,252,01.09.05,23.05.06,23.05.05,98,2005,f,medium,6,no
47,2002,4,0.6021,188,131,321,06.06.06,23.04.07,23.05.06,161,2006,f,medium,6,no
48,2002,2,0.301,210,146,276,20.08.04,23.05.05,,,2004,f,medium,6,yes
48,2002,3,0.4771,222,133,343,20.08.05,23.05.06,23.05.05,146,2005,f,medium,6,no
48,2002,4,0.6021,204,123,240,26.09.06,24.05.07,23.05.06,133,2006,f,medium,6,yes
48,2002,5,0.699,191,144,237,13.09.07,07.05.08,24.05.07,123,2007,f,high fat,6,yes
49,2003,1,0,150,93,250,20.08.04,27.04.05,,,2004,f,medium,3,no
49,2003,2,0.301,205,138,349,29.06.05,13.06.06,27.04.05,93,2005,f,medium,3,yes
50,2003,1,0,168,116,292,20.08.04,08.06.05,,,2004,f,medium,11,no
50,2003,2,0.301,165,92,349,29.06.05,13.06.06,08.06.05,116,2005,f,medium,11,no
50,2003,3,0.4771,157,117,254,19.06.06,31.05.07,13.06.06,92,2006,f,medium,11,no
50,2003,4,0.6021,210,139,264,06.09.07,27.05.08,31.05.07,117,2007,f,high fat,11,yes
50,2003,5,0.699,198,130,317,16.06.08,29.04.09,27.05.08,139,2008,f,medium,11,no
50,2003,6,0.7782,161,105,321,22.07.09,08.06.10,29.04.09,130,2009,f,protein,11,no
50,2003,7,0.8451,201,126,253,14.09.10,25.05.11,08.06.10,105,2010,f,high fat,11,yes
50,2003,8,0.9031,177,112,282,07.07.11,02.05.12,25.05.11,126,2011,f,protein,11,no
50,2003,9,0.9542,185,107,267,21.08.12,15.05.13,02.05.12,112,2012,f,medium,11,yes
50,2003,10,1,162,101,238,14.08.13,09.04.14,15.05.13,107,2013,f,medium,11,yes
51,2003,1,0,147,113,269,10.09.04,06.05.05,,,2004,f,medium,5,no
51,2003,3,0.4771,215,137,225,29.09.06,09.05.07,06.06.06,141,2006,f,medium,5,no
51,2003,4,0.6021,171,107,257,06.09.07,20.05.08,09.05.07,137,2007,f,medium,5,yes
52,2003,1,0,155,111,269,27.08.04,23.05.05,,,2004,f,medium,5,no
52,2003,2,0.301,169,130,335,13.07.05,13.06.06,23.05.05,111,2005,f,medium,5,no
52,2003,3,0.4771,187,158,223,12.09.06,23.04.07,13.06.06,130,2006,f,medium,5,no
52,2003,4,0.6021,191,122,222,04.10.07,13.05.08,23.04.07,158,2007,f,medium,5,no
53,2004,1,0,166,122,272,28.09.05,27.06.06,30.05.05,121,2005,f,medium,8,no
53,2004,2,0.301,240,157,211,03.10.06,02.05.07,27.06.06,122,2006,f,medium,8,no
53,2004,3,0.4771,208,146,244,19.09.07,20.05.08,02.05.07,157,2007,f,medium,8,yes
53,2004,4,0.6021,212,153,219,22.09.08,29.04.09,20.05.08,146,2008,f,medium,8,no
53,2004,5,0.699,186,103,236,08.07.09,01.03.10,29.04.09,153,2009,f,high fat,8,no
53,2004,6,0.7782,204,145,153,19.10.10,21.03.11,01.03.10,103,2010,f,high fat,8,no
53,2004,7,0.8451,171,115,202,05.10.11,02.05.12,21.03.11,145,2011,f,high fat,8,yes
54,2004,3,0.4771,195,132,254,27.08.07,07.05.08,14.06.07,235,2007,f,high fat,12,no
54,2004,4,0.6021,199,129,324,30.06.08,20.05.09,07.05.08,132,2008,f,medium,12,no
54,2004,5,0.699,185,123,313,25.06.09,04.05.10,20.05.09,129,2009,f,protein,12,no
54,2004,6,0.7782,243,157,267,14.09.10,08.06.11,04.05.10,123,2010,f,high fat,12,yes
54,2004,7,0.8451,233,133,334,27.07.11,29.05.12,08.06.11,157,2011,f,medium,12,no
54,2004,8,0.9031,209,130,255,31.07.12,12.04.13,29.05.12,133,2012,f,medium,12,no
54,2004,9,0.9542,197,137,252,11.09.13,21.05.14,12.04.13,130,2013,f,medium,12,no
54,2004,10,1,213,133,224,03.09.14,15.04.15,21.05.14,137,2014,f,high fat,12,no
55,2004,1,0,171,131,279,19.09.05,27.06.06,02.06.05,115,2005,f,medium,5,no
55,2004,2,0.301,267,154,254,19.09.06,31.05.07,27.06.06,131,2006,f,medium,5,no
55,2004,3,0.4771,300,198,305,16.08.07,16.06.08,31.05.07,154,2007,f,high fat,5,no
56,2006,1,0,209,161,277,06.09.07,09.06.08,19.04.07,105,2007,f,medium,7,yes
56,2006,2,0.301,232,162,303,30.06.08,29.04.09,09.06.08,161,2008,f,medium,7,no
56,2006,3,0.4771,205,122,321,27.05.09,13.04.10,29.04.09,162,2009,f,protein,7,no
56,2006,4,0.6021,254,167,260,21.09.10,08.06.11,13.04.10,122,2010,f,high fat,7,yes
56,2006,5,0.699,213,155,187,14.09.11,19.03.12,08.06.11,167,2011,f,high fat,7,yes
57,2006,1,0,197,142,292,02.08.07,20.05.08,10.04.07,63,2007,f,high fat,8,no
57,2006,2,0.301,183,145,352,30.06.08,17.06.09,20.05.08,142,2008,f,medium,8,no
57,2006,3,0.4771,196,132,342,01.07.09,08.06.10,17.06.09,145,2009,f,protein,8,no
57,2006,4,0.6021,225,124,260,07.09.10,25.05.11,08.06.10,132,2010,f,high fat,8,no
57,2006,5,0.699,200,133,342,22.06.11,29.05.12,25.05.11,124,2011,f,medium,8,no
57,2006,6,0.7782,203,135,337,10.07.12,12.06.13,29.05.12,133,2012,f,medium,8,no
57,2006,7,0.8451,194,130,301,14.08.13,11.06.14,12.06.13,135,2013,f,medium,8,no
58,2006,2,0.301,180,145,233,08.09.08,29.04.09,18.06.08,140,2008,f,high fat,7,no
58,2006,3,0.4771,152,99,265,22.07.09,13.04.10,29.04.09,145,2009,f,high fat,7,no
58,2006,4,0.6021,173,106,239,28.09.10,25.05.11,13.04.10,99,2010,f,high fat,7,yes
58,2006,5,0.699,203,147,201,27.10.11,15.05.12,25.05.11,106,2011,f,high fat,7,yes
59,2006,1,0,257,183,306,23.08.07,24.06.08,10.04.07,111,2007,f,high fat,5,no
59,2006,2,0.301,203,130,321,10.07.08,27.05.09,24.06.08,183,2008,f,medium,5,no
59,2006,3,0.4771,164,112,307,26.08.09,29.06.10,27.05.09,130,2009,f,protein,5,no
59,2006,4,0.6021,237,182,288,07.09.10,22.06.11,29.06.10,112,2010,f,high fat,5,no
60,2007,1,0,220,109,282,08.09.08,17.06.09,23.04.08,78,2008,f,high fat,2,no
61,2007,2,0.301,161,105,342,01.07.09,08.06.10,01.07.09,161,2009,f,medium,,no
61,2007,3,0.4771,202,130,281,07.09.10,15.06.11,08.06.10,105,2010,f,high fat,,no
61,2007,4,0.6021,236,163,321,03.08.11,19.06.12,15.06.11,130,2011,f,protein,,no
61,2007,5,0.6021,205,138,316,24.07.12,05.06.13,19.06.12,163,2012,f,medium,,no
61,2007,6,0.7782,175,137,273,28.08.13,28.05.14,05.06.13,138,2013,f,medium,,no
61,2007,7,0.8451,190,114,301,16.07.14,13.05.15,28.05.14,137,2014,f,medium,,no
62,2007,1,0,198,98,268,08.09.08,03.06.09,05.06.08,91,2008,f,high fat,6,no
62,2007,2,0.301,234,163,287,02.09.09,16.06.10,03.06.09,98,2009,f,high fat,6,no
62,2007,3,0.4771,217,145,253,28.09.10,08.06.11,16.06.10,163,2010,f,high fat,6,yes
62,2007,5,0.699,218,148,302,21.08.12,19.06.13,22.03.12,184,2012,f,medium,6,yes
63,2007,1,0,168,94,338,22.07.08,25.06.09,24.06.08,128,2008,f,medium,5,no
63,2007,2,0.301,118,85,244,30.09.09,01.06.10,25.06.09,94,2009,f,protein,5,no
63,2007,3,0.4771,208,136,288,07.09.10,22.06.11,01.06.10,85,2010,f,high fat,5,no
63,2007,4,0.6021,234,154,286,14.09.11,26.06.12,22.06.11,136,2011,f,protein,5,no
64,2007,1,0,181,117,313,29.08.08,08.07.09,24.06.08,104,2008,f,medium,,no
64,2007,2,0.301,137,98,244,30.09.09,01.06.10,08.07.09,117,2009,f,protein,,no
64,2007,3,0.4771,210,170,302,17.08.10,15.06.11,01.06.10,98,2010,f,high fat,,no
64,2007,4,0.6021,227,186,349,29.06.11,12.06.12,15.06.11,170,2011,f,protein,,no
64,2007,5,0.699,221,128,295,03.07.12,24.04.13,12.06.12,186,2012,f,medium,,no
64,2007,6,0.7782,206,135,280,21.08.13,28.05.14,24.04.13,128,2013,f,medium,,yes
64,2007,7,0.8451,216,142,273,13.08.14,13.05.15,28.05.14,135,2014,f,medium,,no
65,2007,1,0,181,110,313,29.08.08,08.07.09,16.06.08,98,2008,f,medium,8,no
65,2007,2,0.301,152,98,265,09.09.09,01.06.10,08.07.09,110,2009,f,protein,8,no
65,2007,3,0.4771,222,173,274,07.09.10,08.06.11,01.06.10,98,2010,f,high fat,8,no
65,2007,4,0.6021,223,163,230,09.11.11,26.06.12,08.06.11,173,2011,f,high fat,8,no
65,2007,5,0.699,189,138,288,28.08.12,12.06.13,26.06.12,163,2012,f,medium,8,no
65,2007,6,0.7782,202,141,287,28.08.13,11.06.14,12.06.13,138,2013,f,medium,8,no
66,2010,1,0,180,101,272,05.10.11,03.07.12,07.07.11,78,2011,f,high fat,,no
66,2010,2,0.301,181,129,288,28.08.12,12.06.13,03.07.12,101,2012,f,medium,,no
66,2010,3,0.4771,198,129,308,14.08.13,18.06.14,12.06.13,129,2013,f,medium,,no
66,2010,4,0.6021,210,145,329,30.07.14,24.06.15,18.06.14,129,2014,f,high fat,,no
67,2010,1,0,173,123,272,05.10.11,03.07.12,15.06.11,78,2011,f,high fat,4,no
67,2010,2,0.301,174,116,323,24.07.12,12.06.13,03.07.12,123,2012,f,medium,4,no
67,2010,3,0.4771,173,122,273,18.09.13,18.06.14,12.06.13,116,2013,f,medium,4,yes
68,2010,1,0,216,131,258,05.10.11,19.06.12,22.06.11,91,2011,f,high fat,4,no
68,2010,2,0.301,193,121,232,04.09.12,24.04.13,19.06.12,131,2012,f,medium,4,no
68,2010,3,0.4771,177,139,357,29.05.13,21.05.14,24.04.13,121,2013,f,medium,4,no
69,2010,1,0,179,112,265,12.10.11,03.07.12,07.07.11,97,2011,f,high fat,5,no
69,2010,2,0.301,159,120,309,14.08.12,19.06.13,03.07.12,112,2012,f,medium,5,no
69,2010,3,0.4771,200,140,294,21.08.13,11.06.14,19.06.13,120,2013,f,medium,5,no
69,2010,4,0.6021,227,131,329,06.08.14,24.06.15,11.06.14,140,2014,f,high fat,5,no
70,2010,1,0,195,137,286,21.09.11,03.07.12,22.06.11,107,2011,f,high fat,3,no
70,2010,2,0.301,195,122,309,21.08.12,26.06.13,03.07.12,137,2012,f,medium,3,no
71,2010,1,0,213,141,272,21.09.11,19.06.12,08.06.11,88,2011,f,high fat,2,no
72,2010,1,0,231,136,272,05.10.11,03.07.12,22.06.11,100,2011,f,high fat,5,no
72,2010,2,0.301,203,132,288,04.09.12,19.06.13,03.07.12,136,2012,f,medium,5,no
72,2010,3,0.4771,169,135,273,25.09.13,25.06.14,19.06.13,132,2013,f,medium,5,yes
72,2010,4,0.6021,230,143,294,20.08.14,10.06.15,25.06.14,135,2014,f,medium,5,no
73,2011,1,0,196,122,288,11.09.12,26.06.13,19.06.12,103,2012,f,medium,4,no
73,2011,2,0.301,209,140,280,04.09.13,11.06.14,26.06.13,122,2013,f,medium,4,no
73,2011,3,0.4771,220,146,287,30.07.14,13.05.15,11.06.14,140,2014,f,high fat,4,no
74,2011,1,0,195,131,253,18.09.12,29.05.13,19.06.12,92,2012,f,medium,5,no
74,2011,2,0.301,231,152,273,18.09.13,18.06.14,29.05.13,131,2013,f,medium,5,no
74,2011,3,0.4771,189,146,287,06.08.14,20.05.15,18.06.14,152,2014,f,high fat,5,no
75,2011,1,0,204,125,246,11.09.12,15.05.13,03.07.12,99,2012,f,medium,,no
75,2011,2,0.301,205,141,287,28.08.13,11.06.14,15.05.13,125,2013,f,medium,,no
75,2011,3,0.4771,196,153,252,24.09.14,03.06.15,11.06.14,141,2014,f,high fat,,no