SeasonYear,PenguinID,PenguinSeq,InstrumentSeq,NTripPairsLong,DistBetMean,DistBetSD,DistBetMin,DistBetMax,InstrType,InstrModel,NFledged,DurDaysMean,TripDistMean,BearingMean,PenguinSex,NumTrips,NumChicksDeploy,NumChicksStarved,DeployDurDays,ChlaMean
1996,673,28438,23,3,67.64924,52.11835,37.24062,127.8292,1,ST10,1,2.906249,103.805,85.75,0,4,1,0,18,NA
1996,997,29530,24,2,43.18543,20.47735,28.70576,57.6651,1,ST10,2,2.555555,69.84333333,65.333333,0,3,2,0,20,NA
1997,3211,4000,451,1,261.157,NA,261.157,261.157,1,ST10,1,13.07161644,391.6620112,60.62290503,0,2,1,0,48,0.770688
1997,40586,39963,461,1,119.7247,NA,119.7247,119.7247,1,ST10,0,5.310526755,303.7971311,60.891558,0,3,1,1,36,0.770688
1997,48090,47060,455,5,34.85768,19.4444,17.37886,66.28149,1,ST10,1,5.060701049,130.0336547,70.64710813,0,6,2,1,28,0.770688
1998,9575,10328,52,1,34.09498,NA,34.09498,34.09498,1,ST10,1,4.971354033,141.9878151,47.82028337,1,4,2,0,33,0.659192
1998,17482,17927,542,1,116.6806,NA,116.6806,116.6806,1,ST10,1,4.854423481,197.6748031,88.46850394,1,3,1,0,34,0.659192
1998,28018,28438,48,2,51.89001,13.41022,42.40755,61.37247,1,ST10,1,5.301190245,149.1456844,71.0518732,0,7,1,0,32,0.659192
1998,28115,28535,54,5,40.29414,36.86321,2.530066,81.83193,1,ST10,1,4.129607811,113.6426218,76.61484919,0,8,1,0,33,0.659192
1998,28588,29008,56,2,103.2425,21.2069,88.24693,118.238,1,ST10,1,7.149423304,153.0223769,80.31439394,1,6,2,0,36,0.659192
1998,29110,29530,49,3,68.56702,52.64554,34.89405,129.2344,1,ST10,0,4.975879647,178.4789944,80.78289474,0,5,2,1,28,0.659192
1998,29927,30347,51,2,54.78555,3.488289,52.31896,57.25215,1,ST10,1,3.319743905,126.6553132,83.8012959,0,3,2,1,51,0.659192
1999,7195,7952,78,6,35.09268,18.56788,16.17846,68.18564,1,ST10,1,2.220643611,88.08042614,54.24289773,0,7,1,0,23,1.789468
1999,9899,10652,256,1,20.19714,NA,20.19714,20.19714,1,ST10,1,2.969568622,87.67681648,65.46441948,1,2,1,0,30,1.789468
1999,24628,25061,255,3,58.39766,20.69543,36.17847,77.12511,1,ST10,1,3.965318893,130.6556309,44.68154506,1,8,1,0,32,1.789468
1999,29709,30129,80,7,17.34156,20.14823,2.420894,62.03925,1,ST10,1,2.852675332,92.44377734,65.59840954,0,8,1,0,32,1.789468
1999,30088,30508,887,5,16.94267,8.473092,8.861637,30.00662,1,ST10,1,3.610877064,99.61573317,63.30048077,0,6,1,0,38,1.789468
2000,32282,31967,115,3,44.44792,11.29078,37.37618,57.46929,1,ST10,1,3.18881557,116.2416737,66.94655415,0,5,1,0,34,0.829422
2000,32786,32268,116,4,20.43525,10.128,5.362673,26.69938,1,ST10,1,1.900458517,52.74307282,77.61989343,0,8,1,0,32,0.829422
2000,37664,37081,117,3,54.37484,32.55669,25.15362,89.46784,1,ST10,1,5.22334849,114.7996724,69.89703588,0,4,2,1,21,0.829422
2000,48191,47160,915,6,54.53722,36.02387,22.75147,111.5512,1,ST10,2,4.29746606,107.9416575,45.91117216,1,7,2,0,28,0.829422
2000,48192,47161,119,2,48.18674,21.35877,33.0838,63.28967,1,ST10,2,5.156265625,124.814863,64.28234399,0,11,2,0,34,0.829422
2000,48193,47162,120,1,55.62691,NA,55.62691,55.62691,1,ST10,2,3.251523095,97.46162162,39.27541828,1,7,2,0,25,0.829422
2000,48195,47164,122,2,54.69748,12.83508,45.62171,63.77325,1,ST10,1,4.078203498,130.3005948,76.60966543,0,4,1,0,37,0.829422
2000,48198,47167,125,3,59.25134,35.24215,34.38056,99.58104,1,ST10,1,5.877917326,116.9093984,66.64990138,1,4,2,1,25,0.829422
2000,48199,47168,126,3,46.11552,33.63109,16.57327,82.71535,1,ST10,2,3.808332867,144.0668814,65.74237288,0,5,2,0,39,0.829422
2001,28005,28425,147,3,66.88365,35.59072,26.49644,93.66161,1,ST10,1,3.417732881,135.6492233,62.77052074,0,10,1,0,31,0.987279
2001,29764,30184,148,3,31.25591,4.338819,27.97098,36.17439,1,ST10,2,2.5274369,97.52516637,55.23292469,0,7,2,0,40,0.987279
2001,29927,30347,150,6,32.02862,35.24771,11.12455,103.4964,1,ST10,2,2.231528163,88.63867733,62.85755814,0,8,2,0,27,0.987279
2001,48195,47164,152,1,146.2536,NA,146.2536,146.2536,1,ST10,1,4.255794702,139.1405298,80.49006623,0,2,2,1,31,0.987279
2001,48327,47296,154,1,8.440856,NA,8.440856,8.440856,1,ST10,2,5.78960231,192.3599633,52.81834862,1,2,2,0,27,0.987279
2001,48328,47297,155,1,131.8602,NA,131.8602,131.8602,1,ST10,2,4.452760298,149.7717629,81.50151976,0,2,2,0,34,0.987279
2001,48329,47298,156,1,26.21646,NA,26.21646,26.21646,1,ST10,1,6.232370078,210.4420178,68.35022222,0,7,2,1,38,0.987279
2001,48330,47299,157,1,72.18016,NA,72.18016,72.18016,1,ST10,1,5.957980035,216.2619386,61.73832374,1,8,2,0,38,0.987279
2001,48348,47317,158,3,49.45092,18.37884,28.62524,63.3993,1,ST10,2,4.951782369,158.1420275,61.66752577,1,9,2,0,35,0.987279
2002,8375,9133,177,3,41.84877,12.99995,32.12393,56.61418,1,ST10,1,3.311229438,130.1987652,47.4222561,0,5,1,0,19,1.173333
2002,11098,11828,176,3,11.94158,8.535998,3.058241,20.08162,1,ST10,1,2.429166289,91.18120313,46.928125,0,6,1,0,19,1.173333
2002,33552,33034,178,2,40.07481,43.42443,9.369096,70.78052,1,ST10,2,3.215980721,112.8868987,57.12929476,0,11,2,0,30,1.173333
2002,45929,45263,171,5,40.42286,15.42793,19.56519,62.87476,1,ST10,1,3.105175948,126.3769238,46.64688427,0,8,1,0,29,1.173333
2002,46736,46070,173,1,39.48325,NA,39.48325,39.48325,1,ST10,1,2.445788043,104.0592115,49.69892473,0,3,1,0,15,1.173333
2002,47906,46877,174,3,8.850946,2.829479,6.987098,12.10677,1,ST10,1,2.599527166,90.6987395,42.99789916,0,4,1,0,18,1.173333
2002,48227,47196,431,2,40.91311,43.28969,10.30267,71.52354,1,ST10,2,3.083395979,106.5724962,46.09531014,0,6,2,0,22,1.173333
2002,48229,47198,175,3,16.92266,9.252152,9.499825,27.28828,1,ST10,1,3.195196782,116.526289,67.87356322,0,4,1,0,21,1.173333
2002,48383,47352,179,6,39.70428,21.27044,12.77876,73.29819,1,ST10,2,2.768182256,112.1500893,41.6640625,0,7,2,0,27,1.173333
2002,48385,47354,433,7,37.88832,18.34416,13.93956,66.6025,1,ST10,2,2.594121984,99.25920773,54.22415459,0,11,2,0,29,1.173333
2003,27136,27556,383,2,86.29428,54.97179,47.42336,125.1652,1,ST20,0,6.616844441,189.6427402,58.85765125,0,7,1,1,39,0.622388
2003,47875,46846,355,3,66.70177,29.95019,32.31661,87.0974,1,ST20,0,5.702972894,230.8065025,63.91256281,0,4,2,1,33,0.622388
2003,49421,48388,181,1,34.33706,NA,34.33706,34.33706,1,ST20,0,4.85470967,167.6889565,60.16521739,0,2,2,1,11,0.622388
2003,50922,49872,182,2,60.03238,50.68611,24.19188,95.87287,1,ST10,0,5.025973659,208.8651804,53.81240981,0,3,1,1,31,0.622388
2003,52763,51701,184,3,19.98633,8.894594,14.4656,30.24702,1,ST20,1,4.753223822,201.2995323,76.92942177,0,6,2,1,40,0.622388
2003,52764,51702,185,1,35.35623,NA,35.35623,35.35623,1,ST20,1,5.327204385,217.8198882,69.69210526,0,7,2,1,41,0.622388
2004,28994,29414,202,3,45.69804,10.45233,33.76641,53.23813,1,ST20,1,3.606512271,147.437971,70.65886288,0,6,1,0,43,0.945317
2004,29257,29677,205,9,30.37747,23.17175,3.063193,65.59436,1,ST20,1,3.023207774,108.9134848,75.47041847,0,10,1,0,44,0.945317
2004,32282,31967,208,5,16.12836,6.994033,9.286708,26.91102,1,ST20,1,3.064062269,118.8411705,103.0852273,0,6,1,0,40,0.945317
2004,33552,33034,200,5,54.57126,23.64805,26.77658,88.88979,1,ST20,1,3.087877938,128.8794347,93.35987261,0,10,1,0,47,0.945317
2004,46381,45715,210,4,52.43546,34.43158,20.2641,95.17651,1,ST20,1,3.46417584,145.8082497,81.8618219,0,7,1,0,41,0.945317
2004,46705,46039,203,7,34.20377,26.08246,6.217052,77.28581,1,ST20,1,3.048429084,119.820187,80.89454001,0,11,2,1,43,0.945317
2004,47863,46834,207,6,30.73479,12.16019,17.9561,45.96033,1,ST20,1,3.631239395,110.5868035,77.8574514,0,9,1,0,40,0.945317
2004,48231,47200,201,5,22.87491,11.86417,8.674707,32.67569,1,ST10,1,2.935916414,127.9415199,85.07237636,0,6,1,0,45,0.945317
2004,49515,48481,211,6,41.69155,40.93915,5.904665,111.2153,1,ST20,1,3.342400872,142.3661312,83.63964628,0,8,2,1,33,0.945317
2004,50986,49936,199,1,80.28561,NA,80.28561,80.28561,1,ST20,1,3.125339226,114.9623853,81.82568807,0,10,2,1,56,0.945317
2004,52784,51722,209,7,34.03697,14.9376,21.04703,65.91719,1,ST20,1,4.123729335,128.9470444,92.1888668,0,8,1,0,39,0.945317
2005,48231,47200,253,5,26.5459,35.33177,1.78966,88.5944,1,ST20,2,3.536310495,147.8429599,65.16863208,0,6,2,0,38,1.082607
2005,49515,48481,254,4,78.69621,32.02318,46.99609,117.2896,1,ST20,1,4.717469589,180.592949,76.9168242,0,8,2,1,41,1.082607
2005,52584,51522,245,6,39.39777,21.25098,16.5002,67.50322,1,ST20,1,3.676344522,135.4981437,61.21828358,0,7,1,0,45,1.082607
2005,52593,51531,241,1,18.61454,NA,18.61454,18.61454,1,ST20,0,3.659945885,128.2522342,75.52807646,0,6,1,1,42,1.082607
2005,52613,51551,242,8,85.87472,56.45806,12.77969,168.3823,1,ST20,2,3.278949112,124.9121671,104.8585608,0,12,2,0,41,1.082607
2005,52763,51701,336,4,39.09296,20.39604,15.79,59.58966,1,ST20,1,3.583161052,144.1797872,75.46623497,0,7,2,1,32,1.082607
2005,52764,51702,249,3,52.64899,35.91441,22.56748,92.41164,1,ST20,1,5.184935051,167.9129258,55.43086003,0,6,2,1,40,1.082607
2005,52803,51740,248,2,70.75826,57.40046,30.17,111.3465,1,ST20,1,8.173310703,230.0002703,68.67837838,0,5,1,0,33,1.082607
2005,52806,51742,247,3,22.09363,15.22801,10.7884,39.4097,1,ST20,2,4.159019397,136.4740674,69.64347202,0,9,2,0,39,1.082607
2005,52936,51872,246,4,67.87299,25.53337,37.15612,98.28236,1,ST20,2,2.540224602,119.4951557,75.65570934,0,6,2,0,43,1.082607
2005,53157,52092,243,4,46.85094,21.5613,24.67576,66.99245,1,ST20,2,2.815302285,114.5120746,59.16693679,0,5,2,0,15,1.082607
2006,28643,29063,395,2,58.92773,35.50855,33.81939,84.03606,1,ST20,1,4.088885598,144.9636461,77.82942431,0,7,1,0,35,1.088202
2006,46705,46039,412,5,30.93096,7.635917,19.15074,38.02268,1,ST20,2,3.010205556,133.256164,72.95850202,0,8,2,0,41,1.088202
2006,48124,47094,393,5,33.78917,23.63229,8.335688,71.10257,1,ST20,2,2.588863657,102.9726846,73.81636727,0,11,2,0,42,1.088202
2006,48226,47195,398,5,65.22298,39.67292,23.64844,126.7166,1,ST20,1,2.734122262,103.8511091,83.55360444,0,9,2,1,37,1.088202
2006,48306,47275,392,5,46.62539,15.88112,22.36216,61.01428,1,ST20,1,4.249519702,167.251364,77.24623561,0,6,1,0,44,1.088202
2006,48409,47378,408,3,58.26345,36.79145,29.66994,99.77086,1,ST20,1,6.487737256,160.7090052,70.79170984,0,7,1,0,42,1.088202
2006,50929,49879,409,5,82.55377,54.02728,14.63065,150.1141,1,ST20,1,4.364951408,159.7055064,68.85209003,0,8,2,1,37,1.088202
2006,52585,51523,391,3,36.62643,33.28761,12.78971,74.65844,1,ST20,1,3.762166225,149.5811578,66.74789916,0,7,1,0,36,1.088202
2006,52787,51725,399,3,91.69056,77.11622,12.69692,166.7811,1,ST20,0,5.600408785,213.7069639,77.03507014,0,5,1,1,32,1.088202
2006,52877,51813,400,3,38.07857,17.50405,19.16082,53.7003,1,ST20,1,4.208724893,158.7304467,55.67789969,0,9,2,0,38,1.088202
2006,53157,52092,413,3,48.45493,42.44436,5.409106,90.2711,1,ST20,2,2.936413853,105.5150651,67.94788274,0,13,2,0,50,1.088202
2007,48124,47094,490,4,38.20845,16.16186,22.32384,59.52623,1,ST20,2,3.793763768,125.2521007,68.30300097,0,8,2,0,27,0.908299
2007,48192,47161,498,3,73.51085,25.1115,54.09641,101.8701,1,ST20,2,4.895499993,176.67627,68.61989343,0,6,2,0,49,0.908299
2007,48231,47200,487,3,19.86127,23.63319,3.415749,46.94368,1,ST20,1,3.489991472,144.5007399,63.09034268,0,12,1,0,99,0.908299
2007,48383,47352,497,5,57.32958,58.58602,16.72795,160.4842,1,ST20,1,2.696678222,118.9913934,65.12295082,0,11,1,0,34,0.908299
2007,52585,51523,488,3,28.94365,4.471047,23.89095,32.38812,1,ST20,1,4.216012131,173.9578483,52.91181658,0,8,1,0,47,0.908299
2007,52889,51825,489,1,71.71429,NA,71.71429,71.71429,1,ST20,1,3.01263722,120.6287957,64.55753791,0,15,1,0,49,0.908299
2007,57602,56522,504,1,69.38577,NA,69.38577,69.38577,1,ST20,0,3.422587355,141.8676842,70.81052632,0,3,1,0,27,0.908299
2007,57627,56547,499,5,44.36826,24.29902,11.39559,73.75546,1,ST20,2,4.078269279,169.441441,66.97395833,0,9,2,0,50,0.908299
2007,57629,56549,502,3,33.53577,9.511128,27.86756,44.51635,1,ST20,2,2.587928291,113.8304356,78.71547729,0,13,2,0,45,0.908299
2007,57631,56551,501,1,108.2862,NA,108.2862,108.2862,1,ST20,1,6.258066767,212.9295207,51.53947368,0,7,1,0,28,0.908299
2007,57633,56553,503,7,57.18687,24.94523,29.56547,93.49622,1,ST20,1,3.431842524,133.4197642,81.87073171,0,8,2,1,43,0.908299
2007,57639,56559,500,1,63.25779,NA,63.25779,63.25779,1,ST20,2,4.080694301,157.4939562,52.4691165,0,11,2,0,40,0.908299
2008,52613,51551,596,4,34.70895,13.78066,21.23665,53.7785,1,ST20,1,2.761701617,107.9254759,65.50646298,0,8,1,0,50,1.512016
2008,52784,51722,588,3,46.19306,19.66121,25.25607,64.26385,1,ST20-SA,1,3.680050328,140.2985303,66.69621212,0,11,2,0,53,1.512016
2008,52869,51805,590,4,45.07853,11.17817,29.20884,54.12542,1,ST20,1,2.608145515,109.760121,90.75713051,0,13,2,0,30,1.512016
2008,53147,52082,592,5,32.07163,14.82088,11.39265,48.45879,1,ST20,1,3.021751687,129.7604882,77.84409449,0,11,2,0,53,1.512016
2008,57577,56497,585,7,37.10128,19.12204,13.45651,63.62968,1,ST20,1,2.806592266,125.7303119,66.54442344,0,8,2,1,55,1.512016
2008,57633,56553,586,4,19.94513,7.633422,12.5746,29.35583,1,ST10,1,1.771501837,82.09735802,57.96049383,0,5,1,0,58,1.512016
2008,57653,56573,594,2,124.5935,53.96126,86.43714,162.7499,1,ST20-SA,1,4.259868344,160.0499383,60.41203704,0,11,1,0,39,1.512016
2008,57661,56581,591,5,31.5627,15.58496,9.138312,47.72456,1,ST20,2,2.437611057,103.6094011,77.29411765,0,10,2,0,29,1.512016
2008,60563,64569,589,8,27.19287,10.19514,12.59363,39.75863,1,ST20,1,2.279799837,100.7654176,69.30620985,0,9,2,1,55,1.512016
2009,48383,47352,639,3,22.85371,19.41182,2.774851,41.52148,1,ST20,2,2.54807661,110.2113412,66.23372781,0,10,2,0,46,1.183779
2009,52875,51811,634,7,33.96331,17.09661,12.44096,58.02151,1,ST20-SA,1,2.516890172,98.40340426,71.96528555,0,8,1,0,65,1.183779
2009,57577,56497,644,3,41.4958,13.06884,29.21389,55.23021,1,ST20,1,2.595315641,108.3571405,60.22058824,0,6,2,0,55,1.183779
2009,57629,56549,641,3,21.5189,15.95239,9.306563,39.56755,1,ST20,1,2.109527046,87.31881937,67.32492432,0,14,1,0,30,1.183779
2009,57633,56553,645,5,37.88028,10.56395,28.18454,53.65423,1,ST20,1,2.642190371,111.8583691,68.74370923,0,10,1,0,35,1.183779
2009,60595,58971,642,4,15.67374,15.28656,2.86521,35.42749,1,ST20,1,2.838595624,111.1452303,51.8781575,0,5,2,1,48,1.183779
2009,60606,58982,635,3,22.49391,10.66306,11.34331,32.59125,1,ST20,1,2.276913536,84.80586922,54.77033493,0,7,2,0,43,1.183779
2009,60607,58983,636,2,80.63092,35.3841,55.61058,105.6513,1,ST20,2,2.470156231,101.3172407,108.592955,0,5,2,0,48,1.183779
2009,60608,58984,638,5,38.42751,7.959072,31.96715,51.64974,1,ST20,1,2.680465899,113.1023106,59.92984097,0,9,1,0,48,1.183779
2009,60617,58993,643,9,35.25498,30.28479,6.742596,80.33383,1,ST20-SA,2,2.352252527,101.5476178,71.63001745,0,11,2,0,32,1.183779
2009,60741,59078,637,4,58.62566,32.48213,15.04089,86.00185,1,ST20,1,3.362382016,116.9315483,65.00342173,0,10,2,0,36,1.183779
2009,60749,59084,646,5,34.09953,26.90984,10.51575,76.14883,1,ST20-SA,1,3.190882492,120.9728452,66.91502276,0,12,2,1,36,1.183779
2010,25149,25582,660,4,36.59961,8.33139,25.1493,43.29992,1,ST20,2,3.189069135,136.4470548,61.03995434,0,7,2,0,31,1.066682
2010,47622,46650,659,7,25.73754,12.86664,6.275559,47.58558,1,ST20-SA,1,1.666062483,93.98836232,77.71884058,0,9,1,0,27,1.066682
2010,48199,47168,675,4,44.31926,19.16542,16.3028,57.77845,1,ST20,1,2.886651742,127.9331652,63.22961373,0,7,1,0,34,1.066682
2010,50965,49915,674,4,57.91722,52.66124,27.34872,136.7746,1,ST20-SA,1,4.034501684,145.8773873,80.38981636,0,12,1,0,50,1.066682
2010,52993,51929,673,7,31.86181,22.89285,8.777937,63.36393,1,ST20-SA,1,2.98735289,107.0721222,67.36078098,0,9,1,0,51,1.066682
2010,57627,56547,671,6,41.66171,20.30946,18.0211,67.37632,1,ST20-SA,2,3.132930621,131.8973153,66.20525568,0,13,2,0,49,1.066682
2010,60617,58993,669,2,83.04935,42.09087,53.28661,112.8121,1,ST20,2,2.979892546,132.3931061,88.57862122,0,14,2,0,59,1.066682
2010,60715,59053,662,4,74.95178,72.29594,13.75172,178.1077,1,ST20,1,5.20483867,152.7166894,54.15148936,0,6,2,1,32,1.066682
2010,60740,59077,672,10,36.29965,23.51672,10.33542,84.54268,1,ST20-SA,1,2.456701498,111.8920081,87.48287441,0,14,1,0,55,1.066682
2010,60771,59104,663,2,27.44764,11.93494,19.00836,35.88692,1,ST20,1,4.406560168,133.5742817,46.32182836,0,8,1,0,32,1.066682
2012,57633,56553,750,5,16.59478,9.544746,10.37983,33.29797,1,ST20,2,1.591106248,66.49954865,62.01805416,0,16,2,0,45,1.276274
2012,60836,59166,746,4,7.987965,5.465151,2.409153,12.83375,2,F2G 134A,1,1.593655748,60.65025126,58.79145729,0,11,2,1,33,1.276274
2012,60838,59168,738,7,23.49237,15.65836,5.658404,54.0614,2,F2G 134A,2,1.624760128,57.37537634,93.54121864,0,16,2,0,32,1.276274
2012,60856,59186,763,1,15.78692,NA,15.78692,15.78692,2,F2G 134A,2,2.066459944,61.18864773,72.66079545,0,17,2,0,55,1.276274
2012,60858,59188,740,3,30.12765,24.17749,7.278693,55.4444,2,F2G 134A,2,3.056991689,91.03395683,68.12140288,0,12,2,0,37,1.276274
2012,60859,59189,742,4,24.91521,29.6085,6.438348,68.59013,2,F2G 134A,1,3.167827686,95.99525084,57.94983278,0,7,1,0,27,1.276274
2012,60860,59190,744,6,24.16335,18.99832,7.69362,52.8806,2,F2G 134A,1,1.803373564,69.60936947,59.87278761,0,12,1,0,32,1.276274
2012,60861,59191,749,8,11.62217,4.549381,4.406168,17.59904,1,ST20-SA,1,1.524567809,68.86923144,54.17554585,0,16,1,0,48,1.276274
2012,60862,59192,753,6,19.84438,17.60555,4.401642,48.42466,1,ST20,2,1.635049997,53.80675879,55.80904523,0,11,2,0,55,1.276274
2012,60869,59198,748,7,15.91956,15.14853,2.270991,43.56871,1,ST20,1,1.5353811,62.91062419,75.07542263,0,12,1,0,49,1.276274
2012,60870,59199,752,6,13.87896,18.60425,3.133039,51.27193,1,ST20,1,1.316591468,78.86736282,64.53235053,0,17,1,0,42,1.276274
2012,60873,59202,756,4,19.09957,8.261771,6.823982,24.30495,1,ST20,2,2.02328811,85.95411897,86.19753086,0,11,2,0,53,1.276274
2013,54077,53007,785,4,85.74802,35.67744,37.99915,124.1582,2,F2G 134A,2,2.735204134,97.77840731,65.47258486,0,7,2,0,26,1.106511
2013,60858,59188,789,2,46.95343,23.33577,30.45255,63.45431,2,F2G 134A,2,3.763109109,125.1204422,72.56632653,0,5,2,0,26,1.106511
2013,60873,59202,790,2,52.15934,69.83449,2.778897,101.5398,1,ST20,2,4.384101968,180.5957062,68.28625235,0,7,2,0,48,1.106511
2013,60924,59241,794,8,42.34844,21.0729,14.55283,77.91106,2,F2G 134A,2,1.927341853,75.44837476,55.57839388,0,14,2,0,45,1.106511
2013,60926,59243,795,8,46.70347,38.25884,3.633114,107.6748,2,F2G 134A,2,3.171461472,106.6012224,51.70960048,0,15,2,0,39,1.106511
2013,60928,59245,796,4,31.37642,21.44777,8.17742,58.29542,2,F2G 134A,2,3.560487016,117.3078714,59.218034,0,9,2,0,54,1.106511
2013,60934,59249,798,1,29.91879,NA,29.91879,29.91879,2,F2G 134A,2,5.140726681,155.6800651,53.28416486,0,2,2,0,11,1.106511
2013,60934,59249,872,3,51.22155,38.86926,11.3871,89.04778,2,F2G 134A,2,3.756473802,138.0074004,57.15139442,0,7,2,0,29,1.106511
2013,60935,59250,799,4,43.98118,42.63541,6.708678,102.1288,1,ST20-SA,1,3.096558045,136.4447542,69.2207328,0,10,2,1,47,1.106511
2013,60951,59253,800,3,35.08663,28.40298,16.45166,67.7768,1,ST20,2,2.935199455,109.6916144,56.37891738,0,9,2,0,40,1.106511
2013,60959,59254,801,3,80.80482,10.46939,72.08032,92.41418,1,ST20,2,3.861150344,125.4305005,37.96517954,0,7,2,0,42,1.106511
2013,60961,59255,802,2,35.12028,13.486,25.58424,44.65632,1,ST20,1,3.537690293,121.2683858,56.28730964,0,8,2,1,41,1.106511
2013,60963,59256,803,6,23.22119,6.788615,13.36029,32.46766,1,ST20,2,2.533827304,97.690519,64.0176089,0,11,2,0,39,1.106511
2014,57687,67324,909,2,90.32166,19.60999,76.4553,104.188,2,F2G 134A,1,2.223425981,98.22733746,85.86687307,0,3,1,0,8,0.935491
2014,57695,67458,896,2,9.981908,5.78833,5.888941,14.07488,2,F2G 134A,1,4.340068647,144.536388,47.81939799,0,6,1,0,24,0.935491
2014,57695,67458,902,3,51.14417,21.35271,29.67903,72.38265,2,F2G 134A,1,2.637984575,88.47576177,50.84764543,0,7,1,0,19,0.935491
2014,57698,67326,882,5,62.51645,24.23457,42.97069,104.1731,2,F2G 134A,1,3.060403689,130.2943863,85.67605634,0,8,2,1,26,0.935491
2014,57699,67485,894,3,31.10019,20.73999,8.845276,49.88833,2,F2G 134A,1,3.705767387,139.5288597,59.8631699,0,6,1,0,24,0.935491
2014,57699,67485,907,5,34.08766,29.82836,10.17664,83.96111,2,F2G 134A,1,2.528918897,90.99567352,92.62100457,0,8,1,0,23,0.935491
2014,60606,58982,892,3,76.85201,37.55557,33.73122,102.396,1,ST20,1,5.834900556,161.462,69.18118812,0,5,2,1,36,0.935491
2014,60961,59255,897,1,107.4345,NA,107.4345,107.4345,2,F2G 134A,1,6.935715275,205.184994,53.87092883,0,4,2,0,24,0.935491
2015,54662,53592,1029,2,101.3094,79.64319,44.99315,157.6256,2,F2G 134A,1,4.723113741,142.0185263,92.83263158,0,7,1,0,31,1.061623
2015,56533,55455,1133,10,23.11314,16.0189,5.130442,54.19236,2,F2G 134A,2,1.512195904,69.79660514,94.51364366,0,15,2,0,33,1.061623
2015,57727,68030,1028,5,29.01363,10.75637,16.81277,42.06013,1,ST20,1,1.560893714,76.52029567,92.9250264,0,17,1,0,43,1.061623
2015,57733,68036,1132,6,39.84933,21.88592,23.95513,82.55322,1,ST20,0,1.726369963,71.34787183,84.59733978,0,13,1,0,32,1.061623
2015,57737,68040,1026,2,9.701782,5.312178,5.945505,13.45806,2,F2G 134A,1,1.460918281,60.93821168,58.68613139,0,4,1,0,17,1.061623
2015,60606,58982,1027,6,43.82623,31.42247,11.91791,91.24866,1,ST20,1,2.064398023,69.9493765,77.78057554,0,10,1,0,38,1.061623
2015,60861,59191,1130,6,28.65419,13.75582,3.367662,44.13158,1,ST20,2,1.766692208,81.27218427,42.23395445,0,13,2,0,41,1.061623
2015,60972,67422,1180,5,26.97395,28.55228,2.478336,75.19884,1,ST20-SA,2,1.671007811,71.32311309,84.46632783,0,11,2,0,30,1.061623
2016,57689,67429,1635,1,63.54706,NA,63.54706,63.54706,2,F2G 134A,1,2.296119069,104.2330534,91.07633588,0,3,1,0,11,0.901847
2016,57693,67477,1630,3,8.659884,4.097359,4.084749,11.99122,2,F2G 134A,2,1.309634039,57.52825279,79.16914498,0,10,2,0,37,0.901847
2016,57698,67326,1527,1,17.97572,NA,17.97572,17.97572,2,F2G 134A,1,1.333414616,63.36705779,91.79684764,0,10,1,0,21,0.901847
2016,57698,67326,1633,1,8.17075,NA,8.17075,8.17075,2,F2G 134A,1,1.876067969,81.96447293,87.54131054,0,5,1,0,22,0.901847
2016,57739,68042,1429,1,30.72882,NA,30.72882,30.72882,2,F2G 134A,2,3.623456635,130.0653561,60.17948718,0,2,2,0,15,0.901847
2016,60972,67422,1627,3,39.97387,7.380777,31.48187,44.84461,2,F2G 134A,1,1.860831585,78.4741541,74.02847571,0,8,1,0,20,0.901847
2017,10819,67426,2528,3,13.5958,8.923762,4.210104,21.97173,1,SPOT-275C,2,1.191030894,60.36694915,68.34322034,0,4,2,0,31,1.270478
2017,12060,133734,2527,4,9.628932,1.086743,8.094232,10.6172,1,SPOT-275C,1,1.479129892,67.4828483,58.97110423,0,13,1,0,43,1.270478
2017,36036,133739,2431,5,25.29987,11.79341,15.37792,40.71687,2,F2G 134A,1,2.172831541,92.13543089,56.59349593,0,6,1,0,18,1.270478
2017,37403,67620,2430,5,37.70608,19.9449,6.004446,60.62532,2,F2G 134A,1,2.048452622,101.6377933,52.03327496,0,6,1,0,18,1.270478
2017,57693,67477,2529,9,20.68324,18.32498,2.405845,62.38461,1,SPOT-275C,1,1.793587497,77.32795717,74.592257,0,15,1,0,40,1.270478
2017,57718,133732,2432,7,35.35475,15.85354,13.63953,52.44268,1,SPOT-275C,1,2.314926839,92.83748786,70.26820388,0,8,1,0,36,1.270478
2017,57748,133733,2626,10,35.26675,21.77934,15.54488,78.46109,2,F5G 434A,2,2.60162782,85.60610306,92.04669887,0,19,2,0,45,1.270478
2017,57769,123729,2433,1,13.51098,NA,13.51098,13.51098,1,SPOT-275C,1,1.732871747,86.02323795,69.93373494,0,6,1,0,32,1.270478
2017,57796,133757,2429,3,21.55403,7.79365,12.8012,27.74206,2,F2G 134A,1,2.558180692,101.1978354,58.24085366,0,6,1,0,20,1.270478
2017,60985,68057,2428,5,29.49188,11.50906,14.01159,44.15532,2,F2G 134A,0,1.977751585,88.04995316,49.72014052,0,10,1,1,20,1.270478
2018,13101,163918,3129,6,20.82864,8.77471,6.051489,30.04815,2,F5G 334A,2,1.824018693,78.29542474,87.04172876,0,9,2,0,19,1.099201
2018,37110,67458,3134,3,25.20095,21.89505,1.555507,44.77372,2,F5G 334A,0,2.090973053,77.45115312,86.44045369,0,6,1,0,20,1.099201
2018,57713,65216,3131,2,12.37127,4.563177,9.144615,15.59792,2,F5G 334A,1,1.391783998,63.43826855,96.38162544,0,9,2,1,17,1.099201
2018,57767,128741,3138,3,49.64305,20.28869,28.92618,69.47458,2,F2G 134A,2,2.476375288,83.16409432,79.8960343,0,11,2,0,25,1.099201
2018,63242,163943,3137,4,11.073,6.37094,4.656384,19.70926,2,F5G 334A,1,1.381698262,65.68662125,97.65395095,0,6,1,0,11,1.099201
2018,63243,163929,3132,7,25.21003,13.85937,5.125442,44.65231,1,SPOT-275C,2,2.012690794,86.39476147,101.2587156,0,13,2,0,31,1.099201
2018,63244,163950,3139,4,31.68719,19.58604,18.13408,59.98975,2,F2G 134A,1,2.39619858,105.3133601,63.58776329,0,9,1,0,27,1.099201
2018,63245,163941,3136,4,78.94828,88.98228,10.47014,205.6317,1,SPOT-275C,1,11.82773569,234.0267647,86.53656598,0,6,1,0,34,1.099201
2018,63246,163932,3133,1,12.12086,NA,12.12086,12.12086,1,SPOT-275C,2,1.399421915,64.72841713,92.81191806,0,8,2,0,16,1.099201
2018,63249,163922,3130,12,25.19404,16.70441,5.703013,62.89386,1,SPOT-275C,1,1.637034004,63.30565706,81.6373858,0,19,2,1,38,1.099201
2018,63250,163939,3135,8,19.47552,6.992278,13.47939,32.72743,1,SPOT-275C,2,2.062143263,87.47256585,82.77268293,0,10,2,0,31,1.099201
2019,10585,67421,3950,4,40.08581,15.717,27.6704,62.87979,2,nanoFix-GEO,2,4.434752129,130.4212461,82.74766355,1,6,2,0,23,1.217023
2019,13226,204988,3943,6,35.91715,23.62935,13.95076,69.61189,2,nanoFix-GEO,1,3.202620881,112.0076833,42.9936238,1,7,1,0,23,1.217023
2019,13228,204990,3944,4,20.0232,8.310061,9.562794,29.82577,2,F5G 334A,0,2.047373231,76.68832106,63.59351988,0,9,1,1,18,1.217023
2019,13232,204991,3945,1,322.6306,NA,322.6306,322.6306,2,nanoFix-GEO,1,26.38633332,327.47102,36.776,1,3,2,1,33,1.217023
2019,13293,205012,3949,3,77.00395,54.85593,20.52944,130.0836,2,nanoFix-GEO,1,3.111021546,104.5527117,72.74383708,1,9,1,0,21,1.217023
2019,13298,204984,3941,1,290.2337,NA,290.2337,290.2337,2,nanoFix-GEO,0,18.76316821,339.8573113,69.5990566,1,2,1,1,25,1.217023
2019,13321,179982,3432,5,27.79799,36.50009,1.353949,88.38059,1,SPOT-275C,2,3.197904289,125.6088655,49.21169591,1,6,2,0,21,1.217023
2019,37416,163934,3940,8,42.61661,22.56399,5.235499,74.35516,2,nanoFix-GEO,1,2.557916331,94.4695,74.45727273,1,9,1,0,26,1.217023
2019,37673,67484,3951,4,19.0122,13.39938,10.91834,39.0553,2,nanoFix-GEO,2,3.372717526,107.8293631,50.61401274,1,5,2,0,18,1.217023
2019,57617,56537,3942,3,43.26108,43.19066,17.05543,93.11143,2,nanoFix-GEO,2,2.071372132,71.49134118,78.16235294,0,11,2,0,29,1.217023
2019,57695,67458,3938,3,60.58697,29.82444,29.36896,88.7886,2,nanoFix-GEO,1,2.031074583,63.46352744,61.66405375,0,13,1,0,22,1.217023
2019,57723,68027,3946,2,47.19468,32.69605,24.07508,70.31428,2,F5G 334A,1,3.371477585,121.6708633,86.95863309,0,5,1,0,26,1.217023
2019,57733,68036,3939,2,7.923052,3.178697,5.675374,10.17073,2,nanoFix-GEO,2,1.422410084,57.56588785,62.54906542,0,7,2,0,33,1.217023
2019,57749,67475,3431,4,29.81842,26.09318,2.343458,65.09647,1,SPOT-275C,2,2.852332952,100.8044229,43.04571429,1,10,2,0,25,1.217023
2019,57781,204995,3948,3,41.43468,38.90131,17.78308,86.33257,2,F5G 334A,1,2.641553597,72.50689189,65.75135135,0,8,2,1,24,1.217023
2019,57784,179983,3433,3,54.86005,34.52319,16.28947,82.86795,1,SPOT-275C,2,2.710242468,96.56025606,65.77088949,0,7,2,0,19,1.217023
2019,57785,204994,3947,4,48.44232,32.51881,20.7899,93.6794,2,F5G 334A,1,2.928106802,91.20674576,70.4220339,0,5,1,0,25,1.217023
